,display_name,name,start_date,end_date,type
159001.XSHE,保证金,BZJ,2014-10-20,2200-01-01,etf
159003.XSHE,招商快线,ZSKX,2014-10-20,2200-01-01,etf
159005.XSHE,添富快钱,TFKQ,2015-01-13,2200-01-01,etf
159702.XSHE,AIETF,AIETF,2021-05-18,2200-01-01,etf
159703.XSHE,新材料,XCL,2021-06-08,2200-01-01,etf
159735.XSHE,港股消费,GGXF,2021-06-04,2200-01-01,etf
159740.XSHE,恒生科技,HSKJ,2021-05-27,2200-01-01,etf
159741.XSHE,港股科技,GGKJ,2021-06-03,2200-01-01,etf
159742.XSHE,恒指科技,HZKJ,2021-05-25,2200-01-01,etf
159801.XSHE,芯片基金,XPJJ,2020-02-18,2200-01-01,etf
159803.XSHE,浙江ETF,ZJETF,2020-05-26,2200-01-01,etf
159804.XSHE,创精选88,CJX88,2020-03-31,2200-01-01,etf
159805.XSHE,传媒ETF,CMETF,2020-04-17,2200-01-01,etf
159806.XSHE,新能车,XNC,2020-03-20,2200-01-01,etf
159807.XSHE,科技50,KJETF,2020-03-30,2200-01-01,etf
159808.XSHE,创业板RT,CYBRT,2020-09-04,2200-01-01,etf
159809.XSHE,恒生湾区,HSWQ,2020-05-21,2200-01-01,etf
159810.XSHE,浦银创业,PYCY,2020-07-10,2200-01-01,etf
159811.XSHE,5G50ETF,5G50ETF,2020-04-22,2200-01-01,etf
159812.XSHE,黄金基金,HJJJ,2020-05-29,2200-01-01,etf
159813.XSHE,芯片,XP,2020-05-25,2200-01-01,etf
159814.XSHE,创业大盘,CYDP,2020-07-17,2200-01-01,etf
159815.XSHE,浙江100,ZJ100,2020-08-18,2200-01-01,etf
159816.XSHE,0-4地债,0-4DZ,2020-09-04,2200-01-01,etf
159819.XSHE,AI智能,AIZN,2020-09-23,2200-01-01,etf
159820.XSHE,500ETF基,500ETFJ,2020-08-24,2200-01-01,etf
159821.XSHE,BOCI创业,BOCICY,2020-10-29,2200-01-01,etf
159822.XSHE,新经济,XJJ,2020-10-23,2200-01-01,etf
159823.XSHE,H股50ETF,HG50ETF,2020-10-23,2200-01-01,etf
159824.XSHE,新能汽车,XNQC,2021-01-11,2200-01-01,etf
159825.XSHE,农业ETF,NYETF,2020-12-29,2200-01-01,etf
159827.XSHE,农业50,NY50,2020-12-18,2200-01-01,etf
159828.XSHE,医疗ETF,YLETF,2021-01-12,2200-01-01,etf
159835.XSHE,创新药业,CXYY,2021-03-29,2200-01-01,etf
159836.XSHE,创300ETF,C300ETF,2021-05-25,2200-01-01,etf
159837.XSHE,生物科技,SWKJ,2021-01-27,2200-01-01,etf
159839.XSHE,生物药,SWY,2021-02-22,2200-01-01,etf
159841.XSHE,证券ETF,ZQETF,2021-02-09,2200-01-01,etf
159842.XSHE,券商ETF,QSETF,2021-03-19,2200-01-01,etf
159843.XSHE,食品饮料,SPYL,2021-02-05,2200-01-01,etf
159845.XSHE,中证1000,ZZ1000,2021-03-31,2200-01-01,etf
159848.XSHE,证券公司,ZQGS,2021-03-12,2200-01-01,etf
159849.XSHE,生物ETF,SWETF,2021-03-02,2200-01-01,etf
159850.XSHE,H股50,HG50,2021-02-19,2200-01-01,etf
159851.XSHE,金科ETF,JKETF,2021-03-19,2200-01-01,etf
159852.XSHE,软件ETF,RJETF,2021-02-09,2200-01-01,etf
159855.XSHE,影视ETF,YSETF,2021-02-26,2200-01-01,etf
159856.XSHE,互联网50,HLW50,2021-02-01,2200-01-01,etf
159857.XSHE,光伏ETF,GFETF,2021-02-24,2200-01-01,etf
159858.XSHE,创新药指,CXYZ,2021-03-25,2200-01-01,etf
159861.XSHE,环保ETF,HBETF,2021-04-02,2200-01-01,etf
159863.XSHE,光伏产业,GFCY,2021-03-11,2200-01-01,etf
159865.XSHE,养殖ETF,YZETF,2021-03-08,2200-01-01,etf
159866.XSHE,日经ETF,RJETF,2021-04-08,2200-01-01,etf
159867.XSHE,畜牧ETF,XMETF,2021-03-05,2200-01-01,etf
159869.XSHE,游戏ETF,YXETF,2021-03-05,2200-01-01,etf
159870.XSHE,化工ETF,HGETF,2021-03-03,2200-01-01,etf
159871.XSHE,有色金属,YSJS,2021-03-31,2200-01-01,etf
159873.XSHE,医疗设备,YLSB,2021-03-29,2200-01-01,etf
159876.XSHE,有色,YS,2021-03-24,2200-01-01,etf
159880.XSHE,有色50,YS50,2021-03-25,2200-01-01,etf
159883.XSHE,医疗器械,YLQX,2021-04-30,2200-01-01,etf
159885.XSHE,低碳ETF,DTETF,2021-04-14,2200-01-01,etf
159886.XSHE,机械ETF,JXETF,2021-04-28,2200-01-01,etf
159887.XSHE,银行ETF,YHETF,2021-05-20,2200-01-01,etf
159888.XSHE,智能车,ZNC,2021-05-21,2200-01-01,etf
159890.XSHE,云ETF,YETF,2021-04-02,2200-01-01,etf
159891.XSHE,医疗,YL,2021-06-15,2200-01-01,etf
159898.XSHE,器械ETF,QXETF,2021-06-04,2200-01-01,etf
159901.XSHE,深100ETF,S100ETF,2006-04-24,2200-01-01,etf
159902.XSHE,中小100,ZXB,2006-09-05,2200-01-01,etf
159903.XSHE,深成ETF,SCETF,2010-02-02,2200-01-01,etf
159905.XSHE,深红利,SHL,2011-01-11,2200-01-01,etf
159906.XSHE,深成长,SCZ,2011-02-23,2200-01-01,etf
159907.XSHE,中小300,ZX300,2011-08-10,2200-01-01,etf
159908.XSHE,创业板BS,SF200,2011-07-13,2200-01-01,etf
159909.XSHE,深TMT,STMT,2011-09-01,2200-01-01,etf
159910.XSHE,深F120,SF120,2011-09-27,2200-01-01,etf
159912.XSHE,深300ETF,S300ETF,2011-11-24,2200-01-01,etf
159913.XSHE,深价值,SJZ,2011-10-25,2200-01-01,etf
159915.XSHE,创业板,CYB,2011-12-09,2200-01-01,etf
159916.XSHE,深F60,SF60,2011-10-24,2200-01-01,etf
159918.XSHE,中创400,ZC400,2012-05-11,2200-01-01,etf
159919.XSHE,300ETF,300ETF,2012-05-28,2200-01-01,etf
159920.XSHE,恒生ETF,HSETF,2012-10-22,2200-01-01,etf
159922.XSHE,500ETF,500ETF,2013-03-15,2200-01-01,etf
159923.XSHE,100ETF,100ETF,2013-03-05,2200-01-01,etf
159925.XSHE,南方300,NF300,2013-04-11,2200-01-01,etf
159926.XSHE,国债ETF,GZETF,2013-08-05,2200-01-01,etf
159928.XSHE,消费ETF,XFETF,2013-09-16,2200-01-01,etf
159929.XSHE,医药ETF,YYETF,2013-09-16,2200-01-01,etf
159930.XSHE,能源ETF,NYETF,2013-09-16,2200-01-01,etf
159931.XSHE,金融ETF,JRETF,2013-09-16,2200-01-01,etf
159932.XSHE,500深ETF,500SETF,2013-10-21,2200-01-01,etf
159933.XSHE,金地ETF,JDETF,2013-10-16,2200-01-01,etf
159934.XSHE,黄金ETF,HJETF,2013-12-16,2200-01-01,etf
159935.XSHE,景顺500,JS500,2014-01-21,2200-01-01,etf
159936.XSHE,可选消费,KXXF,2014-06-25,2200-01-01,etf
159937.XSHE,黄金9999,BSHJ,2014-09-01,2200-01-01,etf
159940.XSHE,金融,QZJR,2015-04-17,2200-01-01,etf
159941.XSHE,纳指ETF,NZ100,2015-07-13,2200-01-01,etf
159943.XSHE,深证ETF,SZETF,2015-07-08,2200-01-01,etf
159944.XSHE,材料ETF,QZCL,2015-07-06,2200-01-01,etf
159945.XSHE,能源,QZNY,2015-07-06,2200-01-01,etf
159948.XSHE,创业板EF,CYBEF,2016-05-31,2200-01-01,etf
159949.XSHE,创业板50,CYB50,2016-07-22,2200-01-01,etf
159951.XSHE,中关村A,ZGCA,2017-07-10,2200-01-01,etf
159952.XSHE,创业ETF,CYETF,2017-05-19,2200-01-01,etf
159954.XSHE,H股ETF,HGETF,2018-03-15,2200-01-01,etf
159955.XSHE,创业板E,CYBE,2017-08-23,2200-01-01,etf
159956.XSHE,创业板F,CYBF,2018-03-07,2200-01-01,etf
159957.XSHE,创业板HX,CYBHX,2018-01-04,2200-01-01,etf
159958.XSHE,创业板ET,CYBET,2018-01-19,2200-01-01,etf
159959.XSHE,央企ETF,YHYQ,2019-01-18,2200-01-01,etf
159960.XSHE,恒生国企,HSGQ,2018-10-22,2200-01-01,etf
159961.XSHE,深100,S100,2018-12-19,2200-01-01,etf
159962.XSHE,四川国改,SCGG,2019-04-18,2200-01-01,etf
159964.XSHE,创业板PA,CYBPA,2019-04-19,2200-01-01,etf
159965.XSHE,央视50,YS50,2019-04-24,2200-01-01,etf
159966.XSHE,创蓝筹,CLC,2019-07-15,2200-01-01,etf
159967.XSHE,创成长,CCZ,2019-07-15,2200-01-01,etf
159968.XSHE,ZZ500ETF,ZZ500ETF,2019-10-31,2200-01-01,etf
159969.XSHE,深100P,S100P,2019-08-28,2200-01-01,etf
159970.XSHE,深100ET,S100ET,2020-01-10,2200-01-01,etf
159971.XSHE,创业100,CYBFG,2019-07-02,2200-01-01,etf
159972.XSHE,5年地债,5NDZ,2019-11-08,2200-01-01,etf
159973.XSHE,民企100,MQ100,2019-08-09,2200-01-01,etf
159974.XSHE,央企创新,YQCX,2019-12-18,2200-01-01,etf
159975.XSHE,深100SZ,S100SZ,2020-01-02,2200-01-01,etf
159976.XSHE,湾创ETF,WCETF,2020-01-17,2200-01-01,etf
159977.XSHE,创业板TH,CYBTH,2019-09-27,2200-01-01,etf
159978.XSHE,湾区ETF,WQETF,2020-04-14,2200-01-01,etf
159979.XSHE,湾创100,WC100,2020-02-14,2200-01-01,etf
159980.XSHE,有色ETF,YSQH,2019-12-24,2200-01-01,etf
159981.XSHE,能源化工,NYHG,2020-01-17,2200-01-01,etf
159982.XSHE,中证500,ZZ500,2020-02-20,2200-01-01,etf
159983.XSHE,大湾区,DWQ,2020-04-23,2200-01-01,etf
159984.XSHE,湾区基金,WQJJ,2020-01-17,2200-01-01,etf
159985.XSHE,豆粕ETF,DPETF,2019-12-05,2200-01-01,etf
159986.XSHE,消费100,XF100,2020-01-20,2200-01-01,etf
159987.XSHE,创新ETF,CXETF,2019-11-18,2200-01-01,etf
159988.XSHE,粤债ETF,YZETF,2020-05-29,2200-01-01,etf
159990.XSHE,小盘价值,XPJZ,2020-01-20,2200-01-01,etf
159991.XSHE,创大盘,CDP,2020-04-24,2200-01-01,etf
159992.XSHE,创新药,CXY,2020-04-10,2200-01-01,etf
159993.XSHE,龙头券商,LTQS,2020-02-07,2200-01-01,etf
159994.XSHE,5GETF,5GETF,2020-02-28,2200-01-01,etf
159995.XSHE,芯片ETF,XPETF,2020-02-10,2200-01-01,etf
159996.XSHE,家电ETF,JDETF,2020-03-16,2200-01-01,etf
159997.XSHE,电子ETF,DZETF,2020-03-20,2200-01-01,etf
159998.XSHE,计算机,JSJ,2020-04-13,2200-01-01,etf
159999.XSHE,永赢500,YY500,2020-08-12,2200-01-01,etf
510010.XSHG,治理ETF,ZLETF,2009-12-15,2200-01-01,etf
510020.XSHG,超大ETF,CDETF,2010-03-19,2200-01-01,etf
510030.XSHG,价值ETF,JZETF,2010-05-28,2200-01-01,etf
510050.XSHG,50ETF,50ETF,2005-02-23,2200-01-01,etf
510060.XSHG,央企ETF,YQETF,2009-10-27,2200-01-01,etf
510090.XSHG,责任ETF,ZRETF,2010-08-09,2200-01-01,etf
510100.XSHG,SZ50ETF,SZ50ETF,2019-10-09,2200-01-01,etf
510110.XSHG,周期ETF,ZQETF,2010-11-15,2200-01-01,etf
510120.XSHG,非周ETF,FZETF,2011-06-08,2200-01-01,etf
510130.XSHG,中盘ETF,ZPETF,2010-06-23,2200-01-01,etf
510150.XSHG,消费ETF,XFETF,2011-02-25,2200-01-01,etf
510160.XSHG,小康ETF,XKETF,2010-11-01,2200-01-01,etf
510170.XSHG,商品ETF,SPETF,2011-01-25,2200-01-01,etf
510180.XSHG,180ETF,180ETF,2006-05-18,2200-01-01,etf
510190.XSHG,龙头ETF,LTETF,2011-01-10,2200-01-01,etf
510200.XSHG,上证券商,SZQS,2020-05-08,2200-01-01,etf
510210.XSHG,综指ETF,ZZETF,2011-03-25,2200-01-01,etf
510220.XSHG,中小ETF,ZXETF,2011-03-28,2200-01-01,etf
510270.XSHG,国企ETF,GQETF,2011-08-18,2200-01-01,etf
510290.XSHG,380ETF,380ETF,2011-11-08,2200-01-01,etf
510300.XSHG,300ETF,300ETF,2012-05-28,2200-01-01,etf
510310.XSHG,HS300ETF,HS300ETF,2013-03-25,2200-01-01,etf
510330.XSHG,华夏300,HX300,2013-01-16,2200-01-01,etf
510350.XSHG,工银300,GY300,2019-08-16,2200-01-01,etf
510360.XSHG,广发300,GF300,2015-09-09,2200-01-01,etf
510370.XSHG,兴业300,XY300,2020-10-27,2200-01-01,etf
510380.XSHG,国寿300,GS300,2018-02-07,2200-01-01,etf
510390.XSHG,平安300,PA300,2018-01-26,2200-01-01,etf
510440.XSHG,500沪市,500HS,2012-10-08,2200-01-01,etf
510500.XSHG,500ETF,500ETF,2013-03-15,2200-01-01,etf
510510.XSHG,广发500,GF500,2013-05-24,2200-01-01,etf
510530.XSHG,工银500,GY500,2020-01-03,2200-01-01,etf
510550.XSHG,方正500,FZ500,2019-01-16,2200-01-01,etf
510560.XSHG,国寿500,GS500,2015-07-03,2200-01-01,etf
510570.XSHG,兴业中证500ETF,XYZZ500ETF,2020-08-12,2200-01-01,etf
510580.XSHG,ZZ500ETF,ZZ500ETF,2015-09-14,2200-01-01,etf
510590.XSHG,平安500,PA500,2018-05-04,2200-01-01,etf
510600.XSHG,沪50ETF,H50ETF,2018-09-20,2200-01-01,etf
510630.XSHG,消费行业,XFHY,2013-05-08,2200-01-01,etf
510650.XSHG,金融行业,JRHY,2013-05-08,2200-01-01,etf
510660.XSHG,医药行业,YYHY,2013-05-08,2200-01-01,etf
510680.XSHG,万家50,WJ50,2013-12-02,2200-01-01,etf
510690.XSHG,180金融,180JR,2020-06-22,2200-01-01,etf
510710.XSHG,上50ETF,S50ETF,2015-06-15,2200-01-01,etf
510760.XSHG,上证ETF,SZETF,2020-09-09,2200-01-01,etf
510800.XSHG,上证50,SZ50,2018-01-15,2200-01-01,etf
510810.XSHG,上海国企,SHGQ,2016-08-29,2200-01-01,etf
510850.XSHG,工银上50,GYS50,2019-03-06,2200-01-01,etf
510860.XSHG,兴业50,XY50,2021-01-12,2200-01-01,etf
510890.XSHG,红利低波,HLDB,2019-06-24,2200-01-01,etf
510900.XSHG,H股ETF,HGETF,2012-10-22,2200-01-01,etf
511010.XSHG,国债ETF,GZETF,2013-03-25,2200-01-01,etf
511020.XSHG,活跃国债,HYGZ,2019-02-22,2200-01-01,etf
511030.XSHG,公司债,GSZ,2019-03-22,2200-01-01,etf
511050.XSHG,兴业地债,DFZETF,2020-07-30,2200-01-01,etf
511060.XSHG,5年地债,5NDZ,2019-12-12,2200-01-01,etf
511180.XSHG,上证转债,SZZZ,2020-08-26,2200-01-01,etf
511220.XSHG,城投ETF,CTETF,2014-12-16,2200-01-01,etf
511260.XSHG,十年国债,SNGZ,2017-08-24,2200-01-01,etf
511270.XSHG,10年地债,10NDZ,2018-11-22,2200-01-01,etf
511280.XSHG,中期信用,ZQXY,2018-05-31,2200-01-01,etf
511310.XSHG,十年债,SNZ,2018-04-26,2200-01-01,etf
511360.XSHG,中证短融ETF,ZZDRETF,2020-09-25,2200-01-01,etf
511380.XSHG,转债ETF,ZZETF,2020-04-07,2200-01-01,etf
512000.XSHG,券商ETF,QSETF,2016-09-14,2200-01-01,etf
512010.XSHG,医药ETF,YYETF,2013-10-28,2200-01-01,etf
512040.XSHG,国信价值,GXJZ,2018-11-29,2200-01-01,etf
512070.XSHG,证券保险,FYETF,2014-07-18,2200-01-01,etf
512090.XSHG,MSCI易基,MSCIYJ,2018-06-01,2200-01-01,etf
512100.XSHG,1000ETF,1000ETF,2016-11-04,2200-01-01,etf
512120.XSHG,医药50,ZZYY,2014-01-06,2200-01-01,etf
512150.XSHG,A50ETF,A50ETF,2019-01-21,2200-01-01,etf
512160.XSHG,MSCI基金,MSCIJJ,2018-04-27,2200-01-01,etf
512170.XSHG,医疗ETF,YLETF,2019-06-17,2200-01-01,etf
512180.XSHG,建信MSCI,JXMSCI,2018-05-21,2200-01-01,etf
512190.XSHG,之江凤凰,ZJFH,2019-09-09,2200-01-01,etf
512200.XSHG,地产ETF,FDC,2017-09-25,2200-01-01,etf
512220.XSHG,科技150,JSTMT,2014-08-19,2200-01-01,etf
512260.XSHG,500低波,500DB,2019-01-11,2200-01-01,etf
512270.XSHG,300低波,300DB,2019-03-29,2200-01-01,etf
512280.XSHG,景顺MSCI,JSMSCI,2018-05-25,2200-01-01,etf
512290.XSHG,生物医药,SWYY,2019-05-20,2200-01-01,etf
512320.XSHG,工银MSCI,GYMSCI,2020-08-07,2200-01-01,etf
512330.XSHG,信息ETF,500XX,2015-07-20,2200-01-01,etf
512350.XSHG,福建ETF,FJETF,2020-09-10,2200-01-01,etf
512400.XSHG,有色ETF,YSJS,2017-09-01,2200-01-01,etf
512480.XSHG,半导体,BDT,2019-06-12,2200-01-01,etf
512500.XSHG,中证500,ZZ500,2015-05-29,2200-01-01,etf
512510.XSHG,ETF500,ETF500,2015-06-12,2200-01-01,etf
512520.XSHG,MSCIETF,MSCIETF,2018-05-18,2200-01-01,etf
512530.XSHG,300红利,300HL,2019-09-23,2200-01-01,etf
512550.XSHG,富时A50,FSA50,2017-08-07,2200-01-01,etf
512560.XSHG,中证军工,ZZJG,2017-07-28,2200-01-01,etf
512570.XSHG,中证证券,ZZZQ,2017-08-11,2200-01-01,etf
512580.XSHG,环保ETF,HBETF,2017-02-28,2200-01-01,etf
512590.XSHG,高股息,GGX,2019-03-08,2200-01-01,etf
512600.XSHG,主要消费,ZYXF,2014-07-25,2200-01-01,etf
512610.XSHG,医药卫生,YYWS,2014-07-25,2200-01-01,etf
512640.XSHG,金融地产,JRDC,2014-07-25,2200-01-01,etf
512650.XSHG,长三角,CSJ,2019-10-25,2200-01-01,etf
512660.XSHG,军工ETF,JGETF,2016-08-08,2200-01-01,etf
512670.XSHG,国防ETF,GFETF,2019-08-01,2200-01-01,etf
512680.XSHG,军工基金,JGJJ,2016-10-14,2200-01-01,etf
512690.XSHG,酒ETF,JETF,2019-05-06,2200-01-01,etf
512700.XSHG,银行基金,YHJJ,2017-07-26,2200-01-01,etf
512710.XSHG,军工龙头,JGLT,2019-08-26,2200-01-01,etf
512730.XSHG,银行FUND,YHFUND,2020-02-07,2200-01-01,etf
512750.XSHG,基本面50,JBM50,2019-07-05,2200-01-01,etf
512760.XSHG,芯片ETF,BDT50,2019-06-12,2200-01-01,etf
512770.XSHG,战略新兴,ZLXX,2018-08-16,2200-01-01,etf
512780.XSHG,京津冀基,JJJJ,2018-05-24,2200-01-01,etf
512800.XSHG,银行ETF,YHETF,2017-08-03,2200-01-01,etf
512810.XSHG,军工行业,JGXY,2016-08-22,2200-01-01,etf
512820.XSHG,银行股基,YHGJ,2018-11-23,2200-01-01,etf
512870.XSHG,杭州湾区,HZWQ,2019-02-22,2200-01-01,etf
512880.XSHG,证券ETF,ZQETF,2016-08-08,2200-01-01,etf
512890.XSHG,红利LV,HLLV,2019-01-18,2200-01-01,etf
512900.XSHG,证券基金,ZQJJ,2017-03-31,2200-01-01,etf
512910.XSHG,100ETF,100ETF,2019-07-01,2200-01-01,etf
512920.XSHG,MSCI新华,MSCIXH,2018-12-07,2200-01-01,etf
512930.XSHG,AIETF,AIETF,2019-08-23,2200-01-01,etf
512950.XSHG,央企改革,YQGG,2019-01-18,2200-01-01,etf
512960.XSHG,央调ETF,YTETF,2019-01-18,2200-01-01,etf
512970.XSHG,湾区ETF,WQETF,2019-11-11,2200-01-01,etf
512980.XSHG,传媒ETF,CMETF,2018-01-19,2200-01-01,etf
512990.XSHG,MSCIA股,MSCIAG,2015-03-25,2200-01-01,etf
513000.XSHG,225ETF,225ETF,2019-06-25,2200-01-01,etf
513010.XSHG,港股科技,GGKJ,2021-05-25,2200-01-01,etf
513030.XSHG,德国30,DG30,2014-09-05,2200-01-01,etf
513050.XSHG,中概互联,ZGHL,2017-01-18,2200-01-01,etf
513060.XSHG,恒生医疗,HSYL,2021-03-29,2200-01-01,etf
513080.XSHG,法国ETF,FGCAC40ETF,2020-06-12,2200-01-01,etf
513090.XSHG,香港证券,XGZQ,2020-03-26,2200-01-01,etf
513100.XSHG,纳指ETF,NZETF,2013-05-15,2200-01-01,etf
513130.XSHG,恒生科技,HSKJ,2021-06-01,2200-01-01,etf
513180.XSHG,恒指科技,HZKJ,2021-05-25,2200-01-01,etf
513300.XSHG,纳斯达克ETF,NSDKETF,2020-11-05,2200-01-01,etf
513330.XSHG,恒生互联,HSHL,2021-02-08,2200-01-01,etf
513360.XSHG,教育ETF,JYETF,2021-06-17,2200-01-01,etf
513500.XSHG,标普500,BP500,2014-01-15,2200-01-01,etf
513520.XSHG,日经ETF,RJETF,2019-06-25,2200-01-01,etf
513550.XSHG,港股通50,GGT50,2021-01-13,2200-01-01,etf
513580.XSHG,HS科技,HSKJ,2021-05-27,2200-01-01,etf
513600.XSHG,恒指ETF,HZETF,2015-01-26,2200-01-01,etf
513660.XSHG,恒生通,HST,2015-01-26,2200-01-01,etf
513680.XSHG,建信H股,JXHG,2019-01-21,2200-01-01,etf
513690.XSHG,恒生股息,HSGX,2021-05-20,2200-01-01,etf
513800.XSHG,东证ETF,DZETF,2019-06-25,2200-01-01,etf
513880.XSHG,日经225,RJ225,2019-06-25,2200-01-01,etf
513900.XSHG,港股100,GG100,2018-05-25,2200-01-01,etf
513990.XSHG,港股通综,GGTZ,2020-08-18,2200-01-01,etf
515000.XSHG,科技ETF,KJETF,2019-08-16,2200-01-01,etf
515010.XSHG,华夏证券,HXZQ,2019-11-07,2200-01-01,etf
515020.XSHG,华夏银基,HXYJ,2019-12-03,2200-01-01,etf
515060.XSHG,华夏地产,HXDC,2020-01-03,2200-01-01,etf
515080.XSHG,中证红利,ZZHL,2019-12-27,2200-01-01,etf
515090.XSHG,可持续,KCX,2020-02-20,2200-01-01,etf
515100.XSHG,低波红利ETF,DBHLETF,2020-07-03,2200-01-01,etf
515110.XSHG,国企方达,GQFD,2020-01-15,2200-01-01,etf
515120.XSHG,创新药,CXY,2021-01-04,2200-01-01,etf
515130.XSHG,HS300E,HS300E,2020-05-11,2200-01-01,etf
515150.XSHG,国企富国,GQFG,2020-01-15,2200-01-01,etf
515160.XSHG,MSCICHNA,MSCICHNA,2020-03-02,2200-01-01,etf
515170.XSHG,食品饮料,SPYLETF,2021-01-13,2200-01-01,etf
515180.XSHG,100红利,100HL,2019-12-20,2200-01-01,etf
515190.XSHG,BOCI500,BOCI500,2020-05-27,2200-01-01,etf
515200.XSHG,创新100,CX100,2019-11-15,2200-01-01,etf
515210.XSHG,钢铁ETF,GTETF,2020-03-02,2200-01-01,etf
515220.XSHG,煤炭ETF,MTETF,2020-03-02,2200-01-01,etf
515230.XSHG,软件ETF,RJETF,2021-03-02,2200-01-01,etf
515250.XSHG,智能汽车,ZNQC,2021-01-08,2200-01-01,etf
515260.XSHG,电子ETF,DZETF,2020-07-31,2200-01-01,etf
515280.XSHG,银行龙头,YHHY,2020-04-17,2200-01-01,etf
515290.XSHG,银行,YHTH,2020-12-28,2200-01-01,etf
515300.XSHG,红利300,HL300,2019-09-19,2200-01-01,etf
515310.XSHG,添富300,TF300,2019-12-25,2200-01-01,etf
515320.XSHG,电子50,DZ50,2021-01-08,2200-01-01,etf
515330.XSHG,天弘300,TH300,2019-12-26,2200-01-01,etf
515350.XSHG,民生300,MS300,2020-02-07,2200-01-01,etf
515360.XSHG,方正300,FZ300,2019-11-01,2200-01-01,etf
515380.XSHG,泰康300,TK300,2020-03-23,2200-01-01,etf
515390.XSHG,HS300,HS300,2020-01-10,2200-01-01,etf
515400.XSHG,大数据,DSJ,2021-01-20,2200-01-01,etf
515450.XSHG,红利50,HL50,2020-02-26,2200-01-01,etf
515500.XSHG,长三角LX,CSJLX,2020-09-18,2200-01-01,etf
515510.XSHG,500成长,500CZ,2020-05-06,2200-01-01,etf
515520.XSHG,价值100,JZ100,2019-11-18,2200-01-01,etf
515530.XSHG,泰康500,TK500,2020-11-09,2200-01-01,etf
515550.XSHG,中融500,ZR500,2019-12-25,2200-01-01,etf
515560.XSHG,证券E,ZQE,2020-07-20,2200-01-01,etf
515570.XSHG,山证红利,SZHL,2020-04-09,2200-01-01,etf
515580.XSHG,中证科技,ZZKJ,2019-10-28,2200-01-01,etf
515590.XSHG,500ETFEW,500ETFEW,2020-01-20,2200-01-01,etf
515600.XSHG,央企创新,YQCX,2019-12-18,2200-01-01,etf
515610.XSHG,中银800,ZY800,2020-08-18,2200-01-01,etf
515630.XSHG,证保ETF,ZBETF,2020-04-03,2200-01-01,etf
515650.XSHG,消费50,XF50,2019-11-11,2200-01-01,etf
515660.XSHG,沪深300E,HS300E,2019-12-24,2200-01-01,etf
515670.XSHG,中银100,ZY100,2020-05-20,2200-01-01,etf
515680.XSHG,创新央企,CXYQ,2019-12-18,2200-01-01,etf
515690.XSHG,股息龙头,GXLT,2020-05-13,2200-01-01,etf
515700.XSHG,新能车,XNC,2020-02-10,2200-01-01,etf
515710.XSHG,食品ETF,SPETF,2021-01-07,2200-01-01,etf
515750.XSHG,科技50,KJ50,2019-12-06,2200-01-01,etf
515760.XSHG,浙江国资,ZJGZ,2020-10-12,2200-01-01,etf
515770.XSHG,MSCIAETF,MSCIAETF,2020-06-19,2200-01-01,etf
515780.XSHG,浦银MSCI,PYMSCI,2020-05-29,2200-01-01,etf
515790.XSHG,光伏ETF,GFETF,2020-12-18,2200-01-01,etf
515800.XSHG,800ETF,800ETF,2019-12-16,2200-01-01,etf
515810.XSHG,ZZ800ETF,ZZ800ETF,2019-10-25,2200-01-01,etf
515820.XSHG,沪深800,800ETFJJ,2020-05-29,2200-01-01,etf
515830.XSHG,工银中证800ETF,GYZZ800ETF,2020-07-17,2200-01-01,etf
515850.XSHG,证券龙头,ZQFG,2020-02-21,2200-01-01,etf
515860.XSHG,科技100,KJ100,2019-10-22,2200-01-01,etf
515870.XSHG,制造100,ZZ100,2020-01-17,2200-01-01,etf
515880.XSHG,通信ETF,TXETF,2019-09-06,2200-01-01,etf
515890.XSHG,红利博时,BSHL,2020-04-20,2200-01-01,etf
515900.XSHG,央创ETF,YCETF,2019-12-18,2200-01-01,etf
515910.XSHG,质量ETF,ZLETF,2021-02-26,2200-01-01,etf
515920.XSHG,智能消费,ZNXF,2021-01-20,2200-01-01,etf
515930.XSHG,永赢300,YY300,2020-05-08,2200-01-01,etf
515950.XSHG,医药龙头,YY50FG,2020-04-01,2200-01-01,etf
515960.XSHG,医药100,YY100,2020-06-10,2200-01-01,etf
515980.XSHG,人工智能,RGZN,2020-02-10,2200-01-01,etf
515990.XSHG,添富国企,TFGQ,2020-01-15,2200-01-01,etf
516000.XSHG,大数据50,DSJ50,2021-03-01,2200-01-01,etf
516010.XSHG,游戏ETF,YXETF,2021-03-05,2200-01-01,etf
516020.XSHG,化工ETF,HGETF,2021-03-08,2200-01-01,etf
516050.XSHG,科技龙头,KJLT,2021-02-05,2200-01-01,etf
516060.XSHG,新药ETF,XYETF,2021-03-01,2200-01-01,etf
516070.XSHG,低碳ETF,DTETF,2021-04-23,2200-01-01,etf
516080.XSHG,创新医药,CXYY,2021-02-23,2200-01-01,etf
516090.XSHG,新能源E,XNYE,2021-03-19,2200-01-01,etf
516110.XSHG,汽车ETF,QCETF,2021-05-07,2200-01-01,etf
516120.XSHG,化工50,HG50,2021-03-09,2200-01-01,etf
516150.XSHG,稀土产业,XTCY,2021-03-17,2200-01-01,etf
516160.XSHG,新能源,XNY,2021-02-04,2200-01-01,etf
516180.XSHG,光伏产业,GFCY,2021-03-03,2200-01-01,etf
516200.XSHG,证券行业,ZQHY,2021-03-22,2200-01-01,etf
516220.XSHG,化工龙头,HGLT,2021-03-10,2200-01-01,etf
516300.XSHG,中证1000,ZZ1000,2021-03-24,2200-01-01,etf
516310.XSHG,银行指基,YHZJ,2021-05-28,2200-01-01,etf
516320.XSHG,装备ETF,ZBETF,2021-06-08,2200-01-01,etf
516330.XSHG,物联网,WLW,2021-04-09,2200-01-01,etf
516360.XSHG,新材料ETF,XCLETF,2021-05-13,2200-01-01,etf
516480.XSHG,新材料基,XCLJ,2021-06-11,2200-01-01,etf
516500.XSHG,生物ETF,SWETF,2021-03-17,2200-01-01,etf
516510.XSHG,云计算,YJS,2021-04-07,2200-01-01,etf
516520.XSHG,智能驾驶,AIZNC,2021-03-01,2200-01-01,etf
516550.XSHG,农业ETF,NYETF,2021-04-08,2200-01-01,etf
516590.XSHG,电动汽车,DDQC,2021-05-12,2200-01-01,etf
516600.XSHG,消服ETF,XFETF,2021-02-26,2200-01-01,etf
516610.XSHG,医服ETF,YFETF,2021-05-13,2200-01-01,etf
516660.XSHG,新能汽车,XNQC,2021-02-26,2200-01-01,etf
516670.XSHG,畜牧养殖,XMYZ,2021-03-26,2200-01-01,etf
516680.XSHG,有色金属,YSJS,2021-03-08,2200-01-01,etf
516700.XSHG,数据产业,SJCY,2021-05-19,2200-01-01,etf
516760.XSHG,养殖ETF,YZETF,2021-03-12,2200-01-01,etf
516770.XSHG,游戏动漫,YXDM,2021-03-05,2200-01-01,etf
516780.XSHG,稀土ETF,XTETF,2021-03-08,2200-01-01,etf
516800.XSHG,智能制造ETF,ZNZZETF,2021-02-19,2200-01-01,etf
516850.XSHG,新能源80,XNY80,2021-03-19,2200-01-01,etf
516880.XSHG,光伏50,GF50,2021-01-18,2200-01-01,etf
516900.XSHG,食品50,SP50,2021-04-28,2200-01-01,etf
516910.XSHG,物流ETF,WLETF,2021-06-11,2200-01-01,etf
516950.XSHG,基建ETF,JJETF,2021-05-14,2200-01-01,etf
516960.XSHG,机械ETF,JXETF,2021-05-07,2200-01-01,etf
517000.XSHG,沪港深,HGS,2021-03-05,2200-01-01,etf
517050.XSHG,互联网50,HLW50,2021-02-08,2200-01-01,etf
517060.XSHG,沪港深ET,HGSET,2021-03-26,2200-01-01,etf
517080.XSHG,HGS500,HGS500,2021-02-22,2200-01-01,etf
517100.XSHG,AH500ETF,AH500ETF,2021-03-02,2200-01-01,etf
517170.XSHG,沪港深E,HGSE,2021-04-20,2200-01-01,etf
517200.XSHG,互联网,HLW,2021-02-08,2200-01-01,etf
517300.XSHG,AH300ETF,AH300ETF,2021-02-24,2200-01-01,etf
517350.XSHG,中概科技,ZGKJ,2021-06-03,2200-01-01,etf
518600.XSHG,上海金,SHJ,2020-08-05,2200-01-01,etf
518660.XSHG,工银黄金,GYHJ,2020-05-29,2200-01-01,etf
518680.XSHG,金ETF,SHJAU,2020-07-28,2200-01-01,etf
518800.XSHG,黄金基金,GTHJ,2013-07-29,2200-01-01,etf
518850.XSHG,黄金9999,HJ9999,2020-06-05,2200-01-01,etf
518860.XSHG,上海金E,SHJE,2020-09-07,2200-01-01,etf
518880.XSHG,黄金ETF,HJETF,2013-07-29,2200-01-01,etf
518890.XSHG,中银黄金,ZYHJ,2020-09-28,2200-01-01,etf
588000.XSHG,科创50,KC50,2020-11-16,2200-01-01,etf
588050.XSHG,科创ETF,KCETF,2020-11-16,2200-01-01,etf
588080.XSHG,科创板50,KCB50,2020-11-16,2200-01-01,etf
588090.XSHG,科创板,KCB,2020-11-16,2200-01-01,etf


512360.XSHG,MSCI国际,MSCIGJ,2018-07-20,2200-01-01,etf
512380.XSHG,MSCI中国,YHMSCI,2019-04-30,2200-01-01,etf
512390.XSHG,MSCI低波,MSCIDB,2018-07-13,2200-01-01,etf

510880.XSHG,红利ETF,HLETF,2007-01-18,2200-01-01,etf
510230.XSHG,金融ETF,JRETF,2011-05-23,2200-01-01,etf
510410.XSHG,资源ETF,ZYETF,2012-05-11,2200-01-01,etf
159938.XSHE,医药,GFYY,2015-01-08,2200-01-01,etf
512720.XSHG,计算机,JSJ,2019-08-16,2200-01-01,etf
159939.XSHE,信息技术,XXJS,2015-02-05,2200-01-01,etf
515070.XSHG,AI智能,AIZN,2019-12-24,2200-01-01,etf
515030.XSHG,新汽车,XQC,2020-03-04,2200-01-01,etf
515050.XSHG,5GETF,5GETF,2019-10-16,2200-01-01,etf
